left;right 
20051109_57451_0400_PP.png;20051109_57843_0400_PP.png
20051109_59864_0400_PP.png;20051109_59751_0400_PP.png
20051109_60031_0400_PP.png;20051109_59969_0400_PP.png
20051110_33960_0400_PP.png;20051109_60136_0400_PP.png
20051110_34071_0400_PP.png;20051110_34013_0400_PP.png
20051110_35279_0400_PP.png;20051110_35239_0400_PP.png
20051110_35926_0400_PP.png;20051110_35332_0400_PP.png
20051110_38111_0400_PP.png;20051110_37992_0400_PP.png
20051110_38194_0400_PP.png;20051110_38156_0400_PP.png
20051110_38280_0400_PP.png;20051110_38239_0400_PP.png
20051110_38352_0400_PP.png;20051110_38313_0400_PP.png
20051116_43585_0400_PP.png;20051116_43388_0400_PP.png
20051116_43721_0400_PP.png;20051116_43710_0400_PP.png
20051116_43801_0400_PP.png;20051116_43785_0400_PP.png
20051116_43995_0400_PP.png;20051116_43954_0400_PP.png
20051116_44648_0400_PP.png;20051116_44615_0400_PP.png
20051116_44750_0400_PP.png;20051116_44718_0400_PP.png
20051116_44804_0400_PP.png;20051116_44816_0400_PP.png
20051116_54454_0400_PP.png;20051116_54429_0400_PP.png
20051116_54587_0400_PP.png;20051116_54484_0400_PP.png
20051116_54663_0400_PP.png;20051116_54642_0400_PP.png
20051116_54692_0400_PP.png;20051116_54825_0400_PP.png
20051116_54832_0400_PP.png;20051116_54839_0400_PP.png
20051116_55656_0400_PP.png;20051116_55649_0400_PP.png
20051116_58804_0400_PP.png;20051116_58816_0400_PP.png
20051116_58835_0400_PP.png;20051116_58828_0400_PP.png
20051116_58864_0400_PP.png;20051116_58872_0400_PP.png
20051116_59168_0400_PP.png;20051116_59150_0400_PP.png
20051117_37051_0400_PP.png;20051117_37042_0400_PP.png
20051117_37100_0400_PP.png;20051117_37078_0400_PP.png
20051117_37155_0400_PP.png;20051117_37130_0400_PP.png
20051117_37213_0400_PP.png;20051117_37185_0400_PP.png
20051130_53586_0400_PP.png;20051117_37321_0400_PP.png
20051130_53623_0400_PP.png;20051130_53663_0400_PP.png
20051130_54030_0400_PP.png;20051130_53991_0400_PP.png
20051130_54121_0400_PP.png;20051130_54077_0400_PP.png
20051130_54301_0400_PP.png;20051130_54257_0400_PP.png
20051130_54323_0400_PP.png;20051130_54333_0400_PP.png
20051130_54498_0400_PP.png;20051130_54476_0400_PP.png
20051130_54616_0400_PP.png;20051130_54595_0400_PP.png
20051130_54846_0400_PP.png;20051130_54802_0400_PP.png
20051130_54943_0400_PP.png;20051130_54956_0400_PP.png
20051130_55012_0400_PP.png;20051130_55004_0400_PP.png
20051130_55048_0400_PP.png;20051130_55037_0400_PP.png
20051130_55086_0400_PP.png;20051130_55074_0400_PP.png
20051130_55124_0400_PP.png;20051130_55107_0400_PP.png
20051130_55269_0400_PP.png;20051130_55160_0400_PP.png
20051130_55311_0400_PP.png;20051130_55323_0400_PP.png
20051130_55393_0400_PP.png;20051130_55381_0400_PP.png
20051130_58824_0400_PP.png;20051130_58716_0400_PP.png
20051130_58888_0400_PP.png;20051130_58874_0400_PP.png
20051130_58962_0400_PP.png;20051130_58921_0400_PP.png
20051130_59029_0400_PP.png;20051130_58998_0400_PP.png
20051130_59284_0400_PP.png;20051130_59186_0400_PP.png
20051130_59404_0400_PP.png;20051130_59374_0400_PP.png
20051130_59464_0400_PP.png;20051130_59457_0400_PP.png
20051130_59749_0400_PP.png;20051130_59775_0400_PP.png
20051130_59802_0400_PP.png;20051130_59793_0400_PP.png
20051130_59869_0400_PP.png;20051130_59850_0400_PP.png
20051130_59930_0400_PP.png;20051130_59916_0400_PP.png
20051130_59993_0400_PP.png;20051130_59964_0400_PP.png
20051130_60066_0400_PP.png;20051130_60040_0400_PP.png
20051130_60234_0400_PP.png;20051130_60186_0400_PP.png
20051130_60490_0400_PP.png;20051130_60448_0400_PP.png
20051130_60562_0400_PP.png;20051130_60532_0400_PP.png
20051130_60630_0400_PP.png;20051130_60601_0400_PP.png
20051130_60715_0400_PP.png;20051130_60691_0400_PP.png
20051130_60760_0400_PP.png;20051130_60740_0400_PP.png
20051130_60822_0400_PP.png;20051130_60794_0400_PP.png
20051201_37337_0400_PP.png;20051201_37312_0400_PP.png
20051201_37390_0400_PP.png;20051201_37382_0400_PP.png
20051201_37462_0400_PP.png;20051201_37409_0400_PP.png
20051201_37534_0400_PP.png;20051201_37557_0400_PP.png
20051201_38081_0400_PP.png;20051201_38041_0400_PP.png
20051201_38103_0400_PP.png;20051201_38137_0400_PP.png
20051201_38155_0400_PP.png;20051201_38164_0400_PP.png
20051201_38199_0400_PP.png;20051201_38211_0400_PP.png
20051201_38246_0400_PP.png;20051201_38262_0400_PP.png
20051201_38291_0400_PP.png;20051201_38280_0400_PP.png
20051201_38349_0400_PP.png;20051201_38321_0400_PP.png
20051201_38466_0400_PP.png;20051201_38475_0400_PP.png
20051201_38537_0400_PP.png;20051202_36970_0400_PP.png
20051202_37162_0400_PP.png;20051202_37199_0400_PP.png
20051202_39708_0400_PP.png;20051202_39630_0400_PP.png
20051202_48232_0400_PP.png;20051202_41260_0400_PP.png
20051202_48421_0400_PP.png;20051202_48393_0400_PP.png
20051202_51518_0400_PP.png;20051202_51574_0400_PP.png
20051202_51616_0400_PP.png;20051202_51599_0400_PP.png
20051202_54208_0400_PP.png;20051202_54197_0400_PP.png
20051202_54555_0400_PP.png;20051202_54547_0400_PP.png
20051202_54744_0400_PP.png;20051202_54611_0400_PP.png
20051202_55484_0400_PP.png;20051202_55498_0400_PP.png
20051202_55582_0400_PP.png;20051202_55562_0400_PP.png
20051202_55607_0400_PP.png;20051202_55626_0400_PP.png
20051202_55669_0400_PP.png;20051202_55650_0400_PP.png
20051202_55735_0400_PP.png;20051202_55742_0400_PP.png
20051202_55797_0400_PP.png;20051202_55816_0400_PP.png
20051202_55846_0400_PP.png;20051202_55834_0400_PP.png
20051202_55921_0400_PP.png;20051202_55944_0400_PP.png
20051202_56012_0400_PP.png;20051202_56000_0400_PP.png
20051202_56050_0400_PP.png;20051202_56028_0400_PP.png
20051205_31994_0400_PP.png;20051205_31949_0400_PP.png
20051205_33012_0400_PP.png;20051205_33006_0400_PP.png
20051205_35162_0400_PP.png;20051205_35142_0400_PP.png
20051205_35305_0400_PP.png;20051205_35276_0400_PP.png
20051205_35408_0400_PP.png;20051205_35417_0400_PP.png
20051205_57651_0400_PP.png;20051205_57704_0400_PP.png
20051205_57780_0400_PP.png;20051205_57757_0400_PP.png
20051205_57799_0400_PP.png;20051205_57809_0400_PP.png
20051205_57879_0400_PP.png;20051205_57838_0400_PP.png
20051205_57988_0400_PP.png;20051205_57942_0400_PP.png
20051205_58060_0400_PP.png;20051205_58037_0400_PP.png
20051205_58091_0400_PP.png;20051205_58080_0400_PP.png
20051205_58125_0400_PP.png;20051205_58109_0400_PP.png
20051205_58177_0400_PP.png;20051205_58150_0400_PP.png
20051205_58354_0400_PP.png;20051205_58373_0400_PP.png
20051205_58431_0400_PP.png;20051205_58409_0400_PP.png
20051205_58502_0400_PP.png;20051205_58458_0400_PP.png
20051205_58577_0400_PP.png;20051205_58613_0400_PP.png
20051205_59300_0400_PP.png;20051205_59240_0400_PP.png
20051205_59337_0400_PP.png;20051205_59351_0400_PP.png
20051205_59379_0400_PP.png;20051205_59367_0400_PP.png
20051205_59538_0400_PP.png;20051205_59510_0400_PP.png
20051205_59651_0400_PP.png;20051205_59617_0400_PP.png
20051205_59715_0400_PP.png;20051205_59702_0400_PP.png
20051205_59754_0400_PP.png;20051205_59738_0400_PP.png
20051205_59858_0400_PP.png;20051205_59833_0400_PP.png
20051205_59923_0400_PP.png;20051205_59901_0400_PP.png
20051205_60119_0400_PP.png;20051205_60093_0400_PP.png
20051207_55266_0400_PP.png;20051207_54614_0400_PP.png
20051207_56219_0400_PP.png;20051207_56227_0400_PP.png
20051207_62320_0400_PP.png;20051207_62275_0400_PP.png
20051207_62252_0400_PP.png;20051208_39297_0400_PP.png
20051208_39462_0400_PP.png;20051208_39438_0400_PP.png
20051208_39532_0400_PP.png;20051208_39524_0400_PP.png
20051208_41373_0400_PP.png;20051208_41318_0400_PP.png
20051208_42314_0400_PP.png;20051208_42322_0400_PP.png
20051208_39546_0400_PP.png;20051208_42546_0400_PP.png
20051212_36548_0400_PP.png;20051212_36525_0400_PP.png
20051212_37442_0400_PP.png;20051212_36640_0400_PP.png
20051212_38043_0400_PP.png;20051212_38000_0400_PP.png
20051212_38106_0400_PP.png;20051212_38076_0400_PP.png
20051212_41169_0400_PP.png;20051212_41144_0400_PP.png
20051110_38507_0400_PP.png;20051110_38472_0400_PP.png
20051020_43832_0100_PP.png;20051020_43808_0100_PP.png
20051020_43906_0100_PP.png;20051020_43882_0100_PP.png
20051020_44284_0100_PP.png;20051020_44261_0100_PP.png
20051020_44349_0100_PP.png;20051020_44338_0100_PP.png
20051020_44431_0100_PP.png;20051020_44400_0100_PP.png
20051020_44598_0100_PP.png;20051020_44636_0100_PP.png
20051020_44714_0100_PP.png;20051020_44692_0100_PP.png
20051020_44782_0100_PP.png;20051020_44762_0100_PP.png
20051020_44923_0100_PP.png;20051020_44901_0100_PP.png
20051020_45004_0100_PP.png;20051020_44982_0100_PP.png
20051020_45068_0100_PP.png;20051020_45050_0100_PP.png
20051020_45137_0100_PP.png;20051020_45110_0100_PP.png
20051020_53178_0100_PP.png;20051020_53062_0100_PP.png
20051020_55346_0100_PP.png;20051020_54209_0100_PP.png
20051020_56592_0100_PP.png;20051020_55701_0100_PP.png
20051020_57157_0100_PP.png;20051020_56791_0100_PP.png
20051020_57622_0100_PP.png;20051020_57566_0100_PP.png
20051020_57844_0100_PP.png;20051020_57761_0100_PP.png
20051020_58065_0100_PP.png;20051020_57967_0100_PP.png
20051020_58276_0100_PP.png;20051020_58214_0100_PP.png
20051020_61804_0100_PP.png;20051020_61757_0100_PP.png
20051020_62014_0100_PP.png;20051020_61998_0100_PP.png
20051020_62385_0100_PP.png;20051020_62337_0100_PP.png
20051020_62510_0100_PP.png;20051020_62461_0100_PP.png
20051020_62615_0100_PP.png;20051020_62577_0100_PP.png
20051020_62802_0100_PP.png;20051020_62709_0100_PP.png
20051020_62878_0100_PP.png;20051020_63045_0100_PP.png
20051020_63337_0100_PP.png;20051020_63269_0100_PP.png
20051020_63829_0100_PP.png;20051020_63711_0100_PP.png
20051020_64007_0100_PP.png;20051020_63936_0100_PP.png
20051020_64388_0100_PP.png;20051020_64249_0100_PP.png
20051020_64570_0100_PP.png;20051020_64518_0100_PP.png
20051020_64703_0100_PP.png;20051020_64653_0100_PP.png
20051020_64836_0100_PP.png;20051020_64775_0100_PP.png
20051020_64993_0100_PP.png;20051020_64945_0100_PP.png
20051020_65230_0100_PP.png;20051020_65166_0100_PP.png
20051021_36208_0100_PP.png;20051021_36097_0100_PP.png
20051021_36476_0100_PP.png;20051021_36380_0100_PP.png
20051021_39314_0100_PP.png;20051021_39222_0100_PP.png
20051021_39552_0100_PP.png;20051021_39482_0100_PP.png
20051021_39719_0100_PP.png;20051021_39661_0100_PP.png
20051021_39914_0100_PP.png;20051021_39845_0100_PP.png
20051021_40074_0100_PP.png;20051021_40018_0100_PP.png
20051021_40248_0100_PP.png;20051021_40180_0100_PP.png
20051021_40450_0100_PP.png;20051021_40377_0100_PP.png
20051021_51476_0100_PP.png;20051021_51418_0100_PP.png
20051021_51625_0100_PP.png;20051021_51561_0100_PP.png
20051021_51804_0100_PP.png;20051021_51748_0100_PP.png
20051021_51994_0100_PP.png;20051021_51936_0100_PP.png
20051021_52127_0100_PP.png;20051021_52075_0100_PP.png
20051021_57862_0100_PP.png;20051021_57798_0100_PP.png
20051021_58035_0100_PP.png;20051021_57975_0100_PP.png
20051021_58316_0100_PP.png;20051021_58178_0100_PP.png
20051021_58522_0100_PP.png;20051021_58388_0100_PP.png
20051021_58802_0100_PP.png;20051021_58683_0100_PP.png
20051021_59243_0100_PP.png;20051021_59136_0100_PP.png
20051021_59504_0100_PP.png;20051021_59459_0100_PP.png
20051213_61802_0100_PP.png;20051213_61406_0100_PP.png
20051213_61951_0100_PP.png;20051213_61892_0100_PP.png
20051213_62188_0100_PP.png;20051213_62046_0100_PP.png
20051213_62314_0100_PP.png;20051213_62251_0100_PP.png
20051213_62437_0100_PP.png;20051213_62383_0100_PP.png
20051213_62572_0100_PP.png;20051213_62518_0100_PP.png
20051213_62705_0100_PP.png;20051213_62648_0100_PP.png
20051214_40456_0100_PP.png;20051214_40361_0100_PP.png
20051214_40596_0100_PP.png;20051214_40529_0100_PP.png
20051214_40767_0100_PP.png;20051214_40719_0100_PP.png
20051214_40912_0100_PP.png;20051214_40849_0100_PP.png
20051214_41055_0100_PP.png;20051214_40994_0100_PP.png
20051214_41358_0100_PP.png;20051214_41289_0100_PP.png
20051214_41490_0100_PP.png;20051214_41429_0100_PP.png
20051214_41949_0100_PP.png;20051214_41582_0100_PP.png
20051214_42197_0100_PP.png;20051214_42133_0100_PP.png
20051214_42363_0100_PP.png;20051214_42323_0100_PP.png
20051214_50933_0100_PP.png;20051214_50895_0100_PP.png
20051214_51071_0100_PP.png;20051214_51039_0100_PP.png
20051214_51211_0100_PP.png;20051214_51178_0100_PP.png
20051214_51342_0100_PP.png;20051214_51308_0100_PP.png
20051214_51469_0100_PP.png;20051214_51442_0100_PP.png
20051214_51609_0100_PP.png;20051214_51569_0100_PP.png
20051214_51733_0100_PP.png;20051214_51701_0100_PP.png
20051214_51840_0100_PP.png;20051214_51811_0100_PP.png
20051214_51953_0100_PP.png;20051214_51921_0100_PP.png
20051214_52242_0100_PP.png;20051214_52204_0100_PP.png
20051214_52707_0100_PP.png;20051214_52695_0100_PP.png
20051214_56269_0100_PP.png;20051214_56242_0100_PP.png
20051214_56392_0100_PP.png;20051214_56438_0100_PP.png
20051214_56565_0100_PP.png;20051214_56534_0100_PP.png
20051214_56688_0100_PP.png;20051214_56636_0100_PP.png
20051214_56821_0100_PP.png;20051214_56778_0100_PP.png
20051214_56971_0100_PP.png;20051214_56944_0100_PP.png
20051214_57154_0100_PP.png;20051214_57125_0100_PP.png
20051214_57260_0100_PP.png;20051214_57230_0100_PP.png
20051214_57404_0100_PP.png;20051214_57377_0100_PP.png
20051214_57817_0100_PP.png;20051214_57761_0100_PP.png
20060522_45069_0100_PP.png;20060522_43758_0100_PP.png
20060522_45248_0100_PP.png;20060522_45212_0100_PP.png
20060522_45455_0100_PP.png;20060522_45402_0100_PP.png
20060522_45583_0100_PP.png;20060522_45541_0100_PP.png
20060522_45718_0100_PP.png;20060522_45691_0100_PP.png
20060522_45796_0100_PP.png;20060522_45777_0100_PP.png
20060522_45873_0100_PP.png;20060522_45853_0100_PP.png
20060522_45967_0100_PP.png;20060522_45935_0100_PP.png
20060522_46149_0100_PP.png;20060522_46104_0100_PP.png
20060522_46400_0100_PP.png;20060522_46379_0100_PP.png
20060523_42953_0100_PP.png;20060522_46454_0100_PP.png
20060523_43038_0100_PP.png;20060523_43016_0100_PP.png
20060523_43123_0100_PP.png;20060523_43105_0100_PP.png
20060523_43196_0100_PP.png;20060523_43174_0100_PP.png
20060523_43267_0100_PP.png;20060523_43248_0100_PP.png
20060523_43354_0100_PP.png;20060523_43333_0100_PP.png
20060523_45235_0100_PP.png;20060523_45216_0100_PP.png
20060523_45316_0100_PP.png;20060523_45300_0100_PP.png
20060523_45389_0100_PP.png;20060523_45369_0100_PP.png
20060523_45467_0100_PP.png;20060523_45449_0100_PP.png
20060523_45548_0100_PP.png;20060523_45524_0100_PP.png
20060523_45697_0100_PP.png;20060523_45662_0100_PP.png
20060523_45812_0100_PP.png;20060523_45787_0100_PP.png
20060523_48005_0100_PP.png;20060523_47987_0100_PP.png
20060523_48102_0100_PP.png;20060523_48028_0100_PP.png
20060523_48161_0100_PP.png;20060523_48136_0100_PP.png
20060523_48199_0100_PP.png;20060523_48182_0100_PP.png
20060523_48425_0100_PP.png;20060523_48406_0100_PP.png
20060523_48499_0100_PP.png;20060523_48477_0100_PP.png
20060523_48591_0100_PP.png;20060523_48572_0100_PP.png
20060523_48659_0100_PP.png;20060523_48643_0100_PP.png
20060523_48728_0100_PP.png;20060523_48709_0100_PP.png
20060523_48816_0100_PP.png;20060523_48787_0100_PP.png
20060523_48931_0100_PP.png;20060523_48890_0100_PP.png
20060523_49010_0100_PP.png;20060523_48990_0100_PP.png
20060523_49120_0100_PP.png;20060523_49100_0100_PP.png
20060523_49191_0100_PP.png;20060523_49176_0100_PP.png
20060523_49288_0100_PP.png;20060523_49269_0100_PP.png
20060523_49515_0100_PP.png;20060523_49449_0100_PP.png
20060523_49591_0100_PP.png;20060523_49573_0100_PP.png
20060523_49681_0100_PP.png;20060523_49663_0100_PP.png
20060523_49745_0100_PP.png;20060523_49726_0100_PP.png
20060523_49809_0100_PP.png;20060523_49791_0100_PP.png
20060523_49875_0100_PP.png;20060523_49859_0100_PP.png
20060523_49942_0100_PP.png;20060523_49928_0100_PP.png
20060523_50019_0100_PP.png;20060523_50003_0100_PP.png
20060523_50153_0100_PP.png;20060523_50135_0100_PP.png
20060523_50262_0100_PP.png;20060523_50234_0100_PP.png
20060523_50342_0100_PP.png;20060523_50325_0100_PP.png
20060523_50408_0100_PP.png;20060523_50392_0100_PP.png
20060523_50489_0100_PP.png;20060523_50469_0100_PP.png
20060523_50556_0100_PP.png;20060523_50539_0100_PP.png
20060523_50631_0100_PP.png;20060523_50616_0100_PP.png
20060523_50730_0100_PP.png;20060523_50707_0100_PP.png
20060523_50806_0100_PP.png;20060523_50790_0100_PP.png
20060529_56039_0100_PP.png;20060529_56013_0100_PP.png
20060529_56338_0100_PP.png;20060529_56255_0100_PP.png
20060529_56442_0100_PP.png;20060529_56420_0100_PP.png
20060529_56592_0100_PP.png;20060529_56563_0100_PP.png
20060529_56730_0100_PP.png;20060529_56700_0100_PP.png
20060529_56853_0100_PP.png;20060529_56834_0100_PP.png
20060529_56968_0100_PP.png;20060529_56948_0100_PP.png
20060529_57063_0100_PP.png;20060529_57030_0100_PP.png
20060529_57174_0100_PP.png;20060529_57156_0100_PP.png
20060529_57287_0100_PP.png;20060529_57261_0100_PP.png
20060529_57372_0100_PP.png;20060529_57351_0100_PP.png
20060529_57447_0100_PP.png;20060529_57430_0100_PP.png
20060530_36895_0100_PP.png;20060530_36860_0100_PP.png
20060530_51279_0100_PP.png;20060530_51254_0100_PP.png
20060530_51399_0100_PP.png;20060530_51377_0100_PP.png
20060530_53062_0100_PP.png;20060530_53042_0100_PP.png
20060530_53152_0100_PP.png;20060530_53132_0100_PP.png
20060530_53271_0100_PP.png;20060530_53233_0100_PP.png
20060530_53455_0100_PP.png;20060530_53421_0100_PP.png
20060530_53540_0100_PP.png;20060530_53522_0100_PP.png
20060530_53617_0100_PP.png;20060530_53597_0100_PP.png
20060530_53761_0100_PP.png;20060530_53742_0100_PP.png
20060530_53836_0100_PP.png;20060530_53816_0100_PP.png
20060530_53954_0100_PP.png;20060530_53928_0100_PP.png
20060530_54030_0100_PP.png;20060530_54011_0100_PP.png
20060530_54117_0100_PP.png;20060530_54107_0100_PP.png
20060530_54242_0100_PP.png;20060530_54223_0100_PP.png
20060530_54332_0100_PP.png;20060530_54312_0100_PP.png
20060530_54556_0100_PP.png;20060530_54529_0100_PP.png
20060530_54653_0100_PP.png;20060530_54632_0100_PP.png
20060530_55203_0100_PP.png;20060530_55180_0100_PP.png
20060530_55390_0100_PP.png;20060530_55370_0100_PP.png
20060530_55468_0100_PP.png;20060530_55451_0100_PP.png
20060530_55628_0100_PP.png;20060530_55607_0100_PP.png
20060530_55746_0100_PP.png;20060530_55724_0100_PP.png
20060530_55837_0100_PP.png;20060530_55816_0100_PP.png
20060410_46893_0200_PP.png;20060410_46874_0200_PP.png
20051216_43913_0200_PP.png;20051216_43814_0200_PP.png
20060410_47042_0200_PP.png;20060410_47016_0200_PP.png
20060410_47186_0200_PP.png;20060410_47166_0200_PP.png
20051216_44092_0200_PP.png;20051216_44066_0200_PP.png
20060410_47351_0200_PP.png;20060410_47331_0200_PP.png
20060411_51985_0200_PP.png;20060411_51958_0200_PP.png
20060411_57879_0200_PP.png;20060411_57853_0200_PP.png
20060411_57986_0200_PP.png;20060411_57962_0200_PP.png
20051216_44252_0200_PP.png;20051216_44221_0200_PP.png
20051216_44420_0200_PP.png;20051216_44398_0200_PP.png
20060411_58071_0200_PP.png;20060411_58051_0200_PP.png
20060411_58155_0200_PP.png;20060411_58134_0200_PP.png
20051216_44660_0200_PP.png;20051216_44635_0200_PP.png
20051216_44832_0200_PP.png;20051216_44811_0200_PP.png
20060411_58238_0200_PP.png;20060411_58221_0200_PP.png
20051216_44961_0200_PP.png;20051216_44939_0200_PP.png
20051216_45100_0200_PP.png;20051216_45076_0200_PP.png
20060411_58328_0200_PP.png;20060411_58303_0200_PP.png
20060411_58413_0200_PP.png;20060411_58392_0200_PP.png
20051216_45245_0200_PP.png;20051216_45226_0200_PP.png
20051216_45375_0200_PP.png;20051216_45351_0200_PP.png
20051216_45499_0200_PP.png;20051216_45478_0200_PP.png
20051216_45619_0200_PP.png;20051216_45595_0200_PP.png
20060411_58494_0200_PP.png;20060411_58469_0200_PP.png
20051216_45781_0200_PP.png;20051216_45757_0200_PP.png
20051216_45899_0200_PP.png;20051216_45873_0200_PP.png
20060411_58571_0200_PP.png;20060411_58550_0200_PP.png
20060411_58644_0200_PP.png;20060411_58624_0200_PP.png
20060411_58736_0200_PP.png;20060411_58718_0200_PP.png
20060411_58829_0200_PP.png;20060411_58808_0200_PP.png
20060411_58913_0200_PP.png;20060411_58891_0200_PP.png
20051216_46018_0200_PP.png;20051216_45992_0200_PP.png
20060411_58993_0200_PP.png;20060411_58971_0200_PP.png
20060411_59087_0200_PP.png;20060411_59062_0200_PP.png
20051216_46183_0200_PP.png;20051216_46156_0200_PP.png
20060411_59190_0200_PP.png;20060411_59176_0200_PP.png
20051216_46660_0200_PP.png;20051216_46624_0200_PP.png
20060411_59587_0200_PP.png;20060411_59549_0200_PP.png
20060411_59657_0200_PP.png;20060411_59638_0200_PP.png
20051216_46847_0200_PP.png;20051216_46827_0200_PP.png
20060411_59747_0200_PP.png;20060411_59728_0200_PP.png
20060411_59859_0200_PP.png;20060411_59812_0200_PP.png
20060411_59941_0200_PP.png;20060411_59919_0200_PP.png
20060411_60028_0200_PP.png;20060411_60009_0200_PP.png
20051216_47024_0200_PP.png;20051216_47000_0200_PP.png
20051216_47420_0200_PP.png;20051216_47383_0200_PP.png
20051216_47536_0200_PP.png;20051216_47514_0200_PP.png
20060411_60283_0200_PP.png;20060411_60263_0200_PP.png
20060411_60368_0200_PP.png;20060411_60347_0200_PP.png
20060411_60446_0200_PP.png;20060411_60426_0200_PP.png
20060411_60533_0200_PP.png;20060411_60511_0200_PP.png
20060411_61060_0200_PP.png;20060411_61029_0200_PP.png
20060411_61419_0200_PP.png;20060411_61402_0200_PP.png
20051216_47703_0200_PP.png;20051216_47668_0200_PP.png
20060411_61214_0200_PP.png;20060411_61196_0200_PP.png
20060411_61494_0200_PP.png;20060411_61478_0200_PP.png
20060411_61564_0200_PP.png;20060411_61548_0200_PP.png
20060411_61641_0200_PP.png;20060411_61624_0200_PP.png
20060411_61702_0200_PP.png;20060411_61687_0200_PP.png
20060411_61808_0200_PP.png;20060411_61781_0200_PP.png
20060411_61901_0200_PP.png;20060411_61869_0200_PP.png
20060411_61979_0200_PP.png;20060411_61952_0200_PP.png
20060411_62058_0200_PP.png;20060411_62036_0200_PP.png
20060411_62162_0200_PP.png;20060411_62142_0200_PP.png
20060411_62250_0200_PP.png;20060411_62228_0200_PP.png
20060411_62319_0200_PP.png;20060411_62298_0200_PP.png
20060411_62390_0200_PP.png;20060411_62373_0200_PP.png
20060407_46070_0200_PP.png;20060407_46050_0200_PP.png
20060407_46257_0200_PP.png;20060407_46235_0200_PP.png
20060412_51677_0200_PP.png;20060412_51656_0200_PP.png
20060412_51775_0200_PP.png;20060412_51746_0200_PP.png
20060412_51860_0200_PP.png;20060412_51835_0200_PP.png
20060407_38970_0200_PP.png;20060407_38711_0200_PP.png
20060407_39184_0200_PP.png;20060407_39155_0200_PP.png
20060412_51952_0200_PP.png;20060412_51932_0200_PP.png
20060412_52038_0200_PP.png;20060412_52020_0200_PP.png
20060412_52122_0200_PP.png;20060412_52098_0200_PP.png
20060407_39328_0200_PP.png;20060407_39306_0200_PP.png
20060407_39435_0200_PP.png;20060407_39402_0200_PP.png
20060412_52194_0200_PP.png;20060412_52174_0200_PP.png
20060407_39567_0200_PP.png;20060407_39546_0200_PP.png
20060412_52271_0200_PP.png;20060412_52245_0200_PP.png
20060412_52371_0200_PP.png;20060412_52351_0200_PP.png
20060407_39687_0200_PP.png;20060407_39667_0200_PP.png
20060412_52446_0200_PP.png;20060412_52425_0200_PP.png
20060412_52520_0200_PP.png;20060412_52497_0200_PP.png
20060412_52606_0200_PP.png;20060412_52587_0200_PP.png
20060412_52777_0200_PP.png;20060412_52758_0200_PP.png
20060412_52685_0200_PP.png;20060412_52668_0200_PP.png
20060412_52860_0200_PP.png;20060412_52840_0200_PP.png
20060412_52931_0200_PP.png;20060412_52910_0200_PP.png
20060407_39780_0200_PP.png;20060407_39761_0200_PP.png
20060412_52997_0200_PP.png;20060412_52978_0200_PP.png
20060412_57680_0200_PP.png;20060412_57650_0200_PP.png
20060412_57874_0200_PP.png;20060412_57846_0200_PP.png
20060412_57974_0200_PP.png;20060412_57952_0200_PP.png
20060412_58054_0200_PP.png;20060412_58032_0200_PP.png
20060412_58171_0200_PP.png;20060412_58137_0200_PP.png
20060407_40624_0200_PP.png;20060407_40582_0200_PP.png
20060412_58314_0200_PP.png;20060412_58287_0200_PP.png
20060407_40761_0200_PP.png;20060407_40740_0200_PP.png
20060407_40957_0200_PP.png;20060407_40937_0200_PP.png
20060412_58387_0200_PP.png;20060412_58368_0200_PP.png
20060407_41177_0200_PP.png;20060407_41149_0200_PP.png
20060407_41330_0200_PP.png;20060407_41312_0200_PP.png
20060412_58497_0200_PP.png;20060412_58471_0200_PP.png
20060407_41831_0200_PP.png;20060407_41809_0200_PP.png
20060407_41980_0200_PP.png;20060407_41937_0200_PP.png
20060412_58563_0200_PP.png;20060412_58548_0200_PP.png
20060410_39075_0200_PP.png;20060410_39047_0200_PP.png
20060412_58668_0200_PP.png;20060412_58638_0200_PP.png
20060410_39229_0200_PP.png;20060410_39203_0200_PP.png
20060412_58747_0200_PP.png;20060412_58723_0200_PP.png
20060410_39355_0200_PP.png;20060410_39334_0200_PP.png
20060412_58819_0200_PP.png;20060412_58802_0200_PP.png
20060412_58889_0200_PP.png;20060412_58869_0200_PP.png
20060412_58965_0200_PP.png;20060412_58945_0200_PP.png
20060407_42133_0200_PP.png;20060407_42099_0200_PP.png
20060407_42308_0200_PP.png;20060407_42290_0200_PP.png
20060410_39500_0200_PP.png;20060410_39476_0200_PP.png
20060410_39606_0200_PP.png;20060410_39586_0200_PP.png
20060407_43258_0200_PP.png;20060407_43223_0200_PP.png
20060407_46422_0200_PP.png;20060407_46394_0200_PP.png
20060410_39726_0200_PP.png;20060410_39695_0200_PP.png
20060412_59037_0200_PP.png;20060412_59012_0200_PP.png
20060412_59124_0200_PP.png;20060412_59100_0200_PP.png
20060410_39879_0200_PP.png;20060410_39859_0200_PP.png
20060407_43460_0200_PP.png;20060407_43436_0200_PP.png
20060410_39994_0200_PP.png;20060410_39976_0200_PP.png
20060410_40165_0200_PP.png;20060410_40146_0200_PP.png
20060410_40274_0200_PP.png;20060410_40254_0200_PP.png
20060407_43618_0200_PP.png;20060407_43594_0200_PP.png
20060412_59196_0200_PP.png;20060412_59175_0200_PP.png
20060412_59259_0200_PP.png;20060412_59242_0200_PP.png
20060412_59355_0200_PP.png;20060412_59338_0200_PP.png
20060410_40403_0200_PP.png;20060410_40381_0200_PP.png
20060410_40499_0200_PP.png;20060410_40481_0200_PP.png
20060412_59423_0200_PP.png;20060412_59400_0200_PP.png
20060410_40633_0200_PP.png;20060410_40605_0200_PP.png
20060407_43746_0200_PP.png;20060407_43726_0200_PP.png
20060407_43856_0200_PP.png;20060407_43834_0200_PP.png
20060410_40846_0200_PP.png;20060410_40830_0200_PP.png
20060412_59658_0200_PP.png;20060412_59636_0200_PP.png
20060410_40979_0200_PP.png;20060410_40953_0200_PP.png
20060412_59735_0200_PP.png;20060412_59717_0200_PP.png
20060410_41098_0200_PP.png;20060410_41077_0200_PP.png
20060407_44061_0200_PP.png;20060407_44042_0200_PP.png
20060410_41209_0200_PP.png;20060410_41191_0200_PP.png
20060407_44192_0200_PP.png;20060407_44173_0200_PP.png
20060410_41356_0200_PP.png;20060410_41330_0200_PP.png
20060407_44304_0200_PP.png;20060407_44285_0200_PP.png
20060412_60396_0200_PP.png;20060412_60337_0200_PP.png
20060410_45188_0200_PP.png;20060410_45167_0200_PP.png
20060407_44422_0200_PP.png;20060407_44400_0200_PP.png
20060410_41626_0200_PP.png;20060410_41603_0200_PP.png
20060412_60475_0200_PP.png;20060412_60454_0200_PP.png
20060412_60573_0200_PP.png;20060412_60545_0200_PP.png
20060407_44529_0200_PP.png;20060407_44510_0200_PP.png
20060412_60773_0200_PP.png;20060412_60751_0200_PP.png
20060412_60845_0200_PP.png;20060412_60825_0200_PP.png
20060407_44636_0200_PP.png;20060407_44617_0200_PP.png
20060407_44766_0200_PP.png;20060407_44743_0200_PP.png
20060410_41767_0200_PP.png;20060410_41747_0200_PP.png
20060412_60913_0200_PP.png;20060412_60895_0200_PP.png
20060412_61000_0200_PP.png;20060412_60978_0200_PP.png
20060412_61081_0200_PP.png;20060412_61064_0200_PP.png
20060410_41901_0200_PP.png;20060410_41880_0200_PP.png
20060407_44889_0200_PP.png;20060407_44866_0200_PP.png
20060407_45107_0200_PP.png;20060407_45087_0200_PP.png
20060407_45247_0200_PP.png;20060407_45230_0200_PP.png
20060410_43698_0200_PP.png;20060410_43675_0200_PP.png
20060410_43868_0200_PP.png;20060410_43847_0200_PP.png
20060410_43979_0200_PP.png;20060410_43959_0200_PP.png
20060412_61169_0200_PP.png;20060412_61151_0200_PP.png
20060410_44124_0200_PP.png;20060410_44106_0200_PP.png
20060410_44248_0200_PP.png;20060410_44224_0200_PP.png
20060412_61251_0200_PP.png;20060412_61222_0200_PP.png
20060407_45379_0200_PP.png;20060407_45362_0200_PP.png
20060407_45494_0200_PP.png;20060407_45477_0200_PP.png
20060412_61316_0200_PP.png;20060412_61299_0200_PP.png
20060410_44364_0200_PP.png;20060410_44345_0200_PP.png
20060412_61383_0200_PP.png;20060412_61365_0200_PP.png
20060412_61450_0200_PP.png;20060412_61433_0200_PP.png
20060407_45611_0200_PP.png;20060407_45592_0200_PP.png
20060412_61525_0200_PP.png;20060412_61501_0200_PP.png
20060412_61615_0200_PP.png;20060412_61593_0200_PP.png
20060412_61681_0200_PP.png;20060412_61665_0200_PP.png
20060412_61808_0200_PP.png;20060412_61790_0200_PP.png
20060412_62960_0200_PP.png;20060412_62936_0200_PP.png
20060407_45737_0200_PP.png;20060407_45718_0200_PP.png
20060412_63032_0200_PP.png;20060412_63009_0200_PP.png
20060410_44504_0200_PP.png;20060410_44464_0200_PP.png
20060407_45852_0200_PP.png;20060407_45834_0200_PP.png
20060412_63104_0200_PP.png;20060412_63088_0200_PP.png
20060410_44623_0200_PP.png;20060410_44601_0200_PP.png
20060410_44802_0200_PP.png;20060410_44770_0200_PP.png
20060407_45949_0200_PP.png;20060407_45932_0200_PP.png
20060410_44953_0200_PP.png;20060410_44934_0200_PP.png
IM000013.JPG;IM000012.JPG
IM000057.JPG;IM000056.JPG
IM000065.JPG;IM000066.JPG
IM000073.JPG;IM000072.JPG
IM000079.JPG;IM000080.JPG
IM000086.JPG;IM000087.JPG
IM000093.JPG;IM000094.JPG
IM000100.JPG;IM000101.JPG
IM000108.JPG;IM000107.JPG
IM000114.JPG;IM000115.JPG
IM000123.JPG;IM000122.JPG
IM000132.JPG;IM000131.JPG
IM000139.JPG;IM000138.JPG
IM000146.JPG;IM000145.JPG
IM000160.JPG;IM000161.JPG
IM000168.JPG;IM000167.JPG
IM000191.JPG;IM000190.JPG
IM000198.JPG;IM000197.JPG
IM000205.JPG;IM000206.JPG
IM000213.JPG;IM000212.JPG
IM000219.JPG;IM000220.JPG
IM000242.JPG;IM000241.JPG
IM000249.JPG;IM000248.JPG
IM000264.JPG;IM000263.JPG
IM000292.JPG;IM000291.JPG
IM000299.JPG;IM000298.JPG
IM000306.JPG;IM000305.JPG
IM000313.JPG;IM000312.JPG
IM000320.JPG;IM000319.JPG
IM000326.JPG;IM000327.JPG
IM000350.JPG;IM000349.JPG
IM000357.JPG;IM000356.JPG
IM000371.JPG;IM000372.JPG
IM000379.JPG;IM000378.JPG
IM000406.JPG;IM000405.JPG
IM000413.JPG;IM000412.JPG
IM000426.JPG;IM000425.JPG
IM000449.JPG;IM000450.JPG
IM000472.JPG;IM000473.JPG
IM000480.JPG;IM000479.JPG
IM000500.JPG;IM000501.JPG
IM000515.JPG;IM000516.JPG
IM000531.JPG;IM000530.JPG
IM000538.JPG;IM000537.JPG
IM000547.JPG;IM000546.JPG
IM000554.JPG;IM000553.JPG
IM000561.JPG;IM000560.JPG
IM000568.JPG;IM000567.JPG
IM000580.JPG;IM000579.JPG
IM000587.JPG;IM000586.JPG
IM000594.JPG;IM000595.JPG
IM000602.JPG;IM000601.JPG
IM000653.JPG;IM000654.JPG
IM000668.JPG;IM000667.JPG
IM000675.JPG;IM000674.JPG
IM000683.JPG;IM000682.JPG
IM000689.JPG;IM000690.JPG
IM000697.JPG;IM000696.JPG
IM000704.JPG;IM000703.JPG
IM000711.JPG;IM000712.JPG
IM000725.JPG;IM000726.JPG
IM000733.JPG;IM000732.JPG
IM000761.JPG;IM000762.JPG
IM000769.JPG;IM000768.JPG
IM000777.JPG;IM000776.JPG
IM000806.JPG;IM000805.JPG
IM000813.JPG;IM000812.JPG
IM000826.JPG;IM000827.JPG
IM000834.JPG;IM000833.JPG
IM000848.JPG;IM000840.JPG
IM000851.JPG;IM000850.JPG
IM000859.JPG;IM000860.JPG
IM000881.JPG;IM000880.JPG
IM000887.JPG;IM000888.JPG
IM000895.JPG;IM000896.JPG
IM000917.JPG;IM000916.JPG
IM000923.JPG;IM000924.JPG
IM000937.JPG;IM000938.JPG
IM000984.JPG;IM000985.JPG
IM000992.JPG;IM000991.JPG
IM000999.JPG;IM000998.JPG
IM001007.JPG;IM001008.JPG
IM001026.JPG;IM001027.JPG
IM001034.JPG;IM001033.JPG
IM001089.JPG;IM001088.JPG
IM001095.JPG;IM001096.JPG
IM001103.JPG;IM001102.JPG
IM001110.JPG;IM001109.JPG
IM001117.JPG;IM001116.JPG
IM001124.JPG;IM001123.JPG
IM001139.JPG;IM001138.JPG
IM001146.JPG;IM001145.JPG
IM001153.JPG;IM001152.JPG
IM001160.JPG;IM001161.JPG
IM001168.JPG;IM001167.JPG
IM001175.JPG;IM001174.JPG
IM001181.JPG;IM001185.JPG
IM001200.JPG;IM001199.JPG
IM001211.JPG;IM001210.JPG
IM001218.JPG;IM001217.JPG
IM001227.JPG;IM001224.JPG
IM001232.JPG;IM001231.JPG
IM001246.JPG;IM001245.JPG
IM001253.JPG;IM001252.JPG
IM001273.JPG;IM001272.JPG
IM001294.JPG;IM001293.JPG
IM001300.JPG;IM001301.JPG
IM001308.JPG;IM001307.JPG
IM001322.JPG;IM001321.JPG
IM001328.JPG;IM001329.JPG
IM001335.JPG;IM001336.JPG
IM001358.JPG;IM001357.JPG
IM001372.JPG;IM001371.JPG
IM001386.JPG;IM001387.JPG
IM001401.JPG;IM001402.JPG
IM001416.JPG;IM001415.JPG
IM001423.JPG;IM001422.JPG
IM001440.JPG;IM001439.JPG
IM001454.JPG;IM001453.JPG
IM001461.JPG;IM001460.JPG
IM001468.JPG;IM001467.JPG
IM001477.JPG;IM001476.JPG
IM001484.JPG;IM001483.JPG
IM001492.JPG;IM001490.JPG
IM001514.JPG;IM001513.JPG
IM001539.JPG;IM001540.JPG
IM001560.JPG;IM001559.JPG
IM001582.JPG;IM001581.JPG
IM001597.JPG;IM001596.JPG
IM001618.JPG;IM001617.JPG
IM001630.JPG;IM001629.JPG
IM001636.JPG;IM001637.JPG
IM001644.JPG;IM001643.JPG
IM001667.JPG;IM001666.JPG
IM001673.JPG;IM001674.JPG
IM001680.JPG;IM001681.JPG
IM001688.JPG;IM001687.JPG
IM001702.JPG;IM001701.JPG
IM001738.JPG;IM001737.JPG
IM001745.JPG;IM001744.JPG
IM001751.JPG;IM001752.JPG
IM001759.JPG;IM001758.JPG
IM001766.JPG;IM001765.JPG
IM001797.JPG;IM001798.JPG
IM001805.JPG;IM001804.JPG
IM001832.JPG;IM001831.JPG
IM001845.JPG;IM001846.JPG
IM001854.JPG;IM001853.JPG
IM001867.JPG;IM001866.JPG
IM001881.JPG;IM001880.JPG
IM001912.JPG;IM001911.JPG
IM001927.JPG;IM001926.JPG
IM001941.JPG;IM001942.JPG
IM001950.JPG;IM001948.JPG
IM001965.JPG;IM001964.JPG
IM001985.JPG;IM001984.JPG
IM002004.JPG;IM002003.JPG
IM002020.JPG;IM002019.JPG
IM002027.JPG;IM002026.JPG
IM002034.JPG;IM002033.JPG
IM002052.JPG;IM002053.JPG
IM002071.JPG;IM002070.JPG
IM002135.JPG;IM002134.JPG
IM002148.JPG;IM002149.JPG
IM002157.JPG;IM002156.JPG
IM002202.JPG;IM002201.JPG
IM002209.JPG;IM002208.JPG
IM002216.JPG;IM002215.JPG
IM002223.JPG;IM002222.JPG
IM002252.JPG;IM002251.JPG
IM002269.JPG;IM002268.JPG
IM002276.JPG;IM002275.JPG
IM002284.JPG;IM002285.JPG
IM002301.JPG;IM002300.JPG
IM002322.JPG;IM002321.JPG
IM002335.JPG;IM002336.JPG
IM002356.JPG;IM002357.JPG
IM002385.JPG;IM002384.JPG
IM002400.JPG;IM002399.JPG
IM002414.JPG;IM002415.JPG
IM002442.JPG;IM002441.JPG
IM002449.JPG;IM002448.JPG
IM002456.JPG;IM002455.JPG
IM002466.JPG;IM002465.JPG
IM002473.JPG;IM002472.JPG
IM002482.JPG;IM002481.JPG
IM002487.JPG;IM002486.JPG
IM002493.JPG;IM002494.JPG
IM002500.JPG;IM002501.JPG
IM002509.JPG;IM002508.JPG
IM002515.JPG;IM002516.JPG
IM002523.JPG;IM002522.JPG
IM002530.JPG;IM002529.JPG
IM002544.JPG;IM002543.JPG
IM002578.JPG;IM002577.JPG
IM002585.JPG;IM002584.JPG
IM002614.JPG;IM002615.JPG
IM002622.JPG;IM002621.JPG
IM002636.JPG;IM002635.JPG
IM002642.JPG;IM002643.JPG
IM002650.JPG;IM002649.JPG
IM002659.JPG;IM002658.JPG
IM002666.JPG;IM002665.JPG
IM002695.JPG;IM002697.JPG
IM002704.JPG;IM002703.JPG
IM002719.JPG;IM002718.JPG
IM002726.JPG;IM002725.JPG
IM002733.JPG;IM002732.JPG
IM002765.JPG;IM002766.JPG
IM002781.JPG;IM002782.JPG
IM002803.JPG;IM002802.JPG
IM002821.JPG;IM002822.JPG
IM002829.JPG;IM002828.JPG
IM002845.JPG;IM002846.JPG
IM002853.JPG;IM002852.JPG
IM002861.JPG;IM002860.JPG
IM002895.JPG;IM002894.JPG
IM002902.JPG;IM002901.JPG
IM002909.JPG;IM002908.JPG
IM002922.JPG;IM002921.JPG
IM002939.JPG;IM002938.JPG
IM002946.JPG;IM002945.JPG
IM002953.JPG;IM002952.JPG
IM002975.JPG;IM002973.JPG
IM002983.JPG;IM002982.JPG
IM002991.JPG;IM002990.JPG
IM002998.JPG;IM002997.JPG
IM003012.JPG;IM003011.JPG
IM003019.JPG;IM003020.JPG
IM003035.JPG;IM003034.JPG
IM003058.JPG;IM003057.JPG
IM003070.JPG;IM003071.JPG
IM003110.JPG;IM003108.JPG
IM003125.JPG;IM003124.JPG
IM003147.JPG;IM003146.JPG
IM003161.JPG;IM003160.JPG
IM003175.JPG;IM003176.JPG
IM003207.JPG;IM003208.JPG
IM003215.JPG;IM003214.JPG
IM003222.JPG;IM003221.JPG
IM003229.JPG;IM003230.JPG
IM003244.JPG;IM003243.JPG
IM003265.JPG;IM003264.JPG
IM003287.JPG;IM003286.JPG
IM003324.JPG;IM003323.JPG
IM003331.JPG;IM003330.JPG
IM003337.JPG;IM003338.JPG
IM003359.JPG;IM003360.JPG
IM003382.JPG;IM003381.JPG
IM003390.JPG;IM003391.JPG
IM003406.JPG;IM003405.JPG
IM003412.JPG;IM003413.JPG
IM003424.JPG;IM003423.JPG
IM003431.JPG;IM003430.JPG
IM003453.JPG;IM003454.JPG
IM003468.JPG;IM003467.JPG
IM003475.JPG;IM003474.JPG
IM003482.JPG;IM003481.JPG
IM003520.JPG;IM003519.JPG
IM003564.JPG;IM003563.JPG
IM003570.JPG;IM003571.JPG
IM003577.JPG;IM003580.JPG
IM003595.JPG;IM003596.JPG
IM003602.JPG;IM003603.JPG
IM003626.JPG;IM003625.JPG
IM003632.JPG;IM003633.JPG
IM003640.JPG;IM003641.JPG
IM003688.JPG;IM003687.JPG
IM003694.JPG;IM003695.JPG
IM003719.JPG;IM003718.JPG
IM003726.JPG;IM003725.JPG
IM003746.JPG;IM003747.JPG
IM003759.JPG;IM003758.JPG
IM003766.JPG;IM003765.JPG
IM003772.JPG;IM003773.JPG
IM003788.JPG;IM003787.JPG
IM003794.JPG;IM003795.JPG
IM003812.JPG;IM003811.JPG
IM003827.JPG;IM003826.JPG
IM003840.JPG;IM003841.JPG
IM003856.JPG;IM003857.JPG
IM003879.JPG;IM003878.JPG
IM003893.JPG;IM003894.JPG
IM003909.JPG;IM003910.JPG
IM003925.JPG;IM003924.JPG
IM003949.JPG;IM003950.JPG
IM003969.JPG;IM003968.JPG
IM003983.JPG;IM003982.JPG
IM003990.JPG;IM003989.JPG
IM004006.JPG;IM004005.JPG
IM004013.JPG;IM004012.JPG
IM004028.JPG;IM004027.JPG
IM004036.JPG;IM004035.JPG
IM004052.JPG;IM004053.JPG
IM004085.JPG;IM004086.JPG
IM004093.JPG;IM004092.JPG
IM004132.JPG;IM004133.JPG
IM004155.JPG;IM004154.JPG
IM004161.JPG;IM004162.JPG
IM004168.JPG;IM004169.JPG
IM004176.JPG;IM004177.JPG
IM004184.JPG;IM004183.JPG
IM004192.JPG;IM004191.JPG
IM004208.JPG;IM004207.JPG
IM004226.JPG;IM004227.JPG
IM004240.JPG;IM004241.JPG
IM004251.JPG;IM004252.JPG
IM004261.JPG;IM004262.JPG
IM004270.JPG;IM004269.JPG
IM004277.JPG;IM004276.JPG
IM004291.JPG;IM004290.JPG
IM004298.JPG;IM004297.JPG
IM004306.JPG;IM004305.JPG
IM004313.JPG;IM004312.JPG
IM004342.JPG;IM004343.JPG
IM004347.JPG;IM004346.JPG
IM004391.JPG;IM004392.JPG
IM004399.JPG;IM004398.JPG
IM004406.JPG;IM004407.JPG
IM004424.JPG;IM004423.JPG
IM004440.JPG;IM004439.JPG
IM004462.JPG;IM004461.JPG
IM004470.JPG;IM004471.JPG
IM004493.JPG;IM004494.JPG
IM004508.JPG;IM004507.JPG
IM004528.JPG;IM004529.JPG
IM004538.JPG;IM004537.JPG
IM004554.JPG;IM004553.JPG
IM004570.JPG;IM004569.JPG
IM004600.JPG;IM004599.JPG
IM004607.JPG;IM004606.JPG
IM004620.JPG;IM004621.JPG
IM004639.JPG;IM004638.JPG
IM004646.JPG;IM004645.JPG
IM004654.JPG;IM004653.JPG
IM004668.JPG;IM004669.JPG
IM004685.JPG;IM004686.JPG
IM004737.JPG;IM004739.JPG
IM004747.JPG;IM004748.JPG
IM004764.JPG;IM004765.JPG
IM004782.JPG;IM004783.JPG
IM004797.JPG;IM004798.JPG
IM004806.JPG;IM004805.JPG
IM004812.JPG;IM004811.JPG
IM004832.JPG;IM004831.JPG
